il,ilce,lat,lon,il_lat,il_lon,il_merkeze_uzaklik_km
Adana,Ceyhan,37.0288825,35.8124428,37.06479827,35.46676173,30.937842591635484
Adana,Karataş,36.5646007,35.3841416,37.06479827,35.46676173,56.103602781527314
Adana,Kozan,37.4477857,35.8166308,37.06479827,35.46676173,52.65356630125396
Adana,Pozantı,37.4229083,34.8731665,37.06479827,35.46676173,65.9279565122403
Adana,Sarıçam,37.0197412,35.3989919,37.06479827,35.46676173,7.828172551682489
Adana,Seyhan,37.1024202,35.3061086,37.06479827,35.46676173,14.852296309558238
Adana,Yumurtalık,36.7675867,35.7915869,37.06479827,35.46676173,43.88745192278984
Adana,Yüreğir,36.9894584,35.3408834,37.06479827,35.46676173,13.96607416833886
Adana,Çukurova,37.0468862,35.2823275,37.06479827,35.46676173,16.48724493002846
Adana,İmamoğlu,37.2577128,35.6613373,37.06479827,35.46676173,27.52181829136334
Adıyaman,Adıyaman Merkez,37.7602985,38.2772986,37.7602985,38.2772986,0.0
Afyonkarahisar,Afyonkarahisar Merkez,38.7568597,30.5387044,38.67290901111111,30.655466577777776,13.775600539051363
Afyonkarahisar,Bolvadin,38.7115866,31.0454865,38.67290901111111,30.655466577777776,34.12165379006314
Afyonkarahisar,Dinar,38.0655907,30.1563634,38.67290901111111,30.655466577777776,80.33436894507315
Afyonkarahisar,Emirdağ,39.0195014,31.1502583,38.67290901111111,30.655466577777776,57.631460568367984
Afyonkarahisar,Sandıklı,38.4647643,30.272542,38.67290901111111,30.655466577777776,40.54578523559358
Afyonkarahisar,Çay,38.6283416,31.0355492,38.67290901111111,30.655466577777776,33.376222954626726
Afyonkarahisar,İhsaniye,39.0134902,30.4031955,38.67290901111111,30.655466577777776,43.72119135874984
Afyonkarahisar,İscehisar,38.8620854,30.7509711,38.67290901111111,30.655466577777776,22.60639985603444
Afyonkarahisar,Şuhut,38.5339612,30.5461288,38.67290901111111,30.655466577777776,18.137878812266738
Aksaray,Aksaray Merkez,38.3705416,34.026907,38.3705416,34.026907,0.0
Amasya,Amasya Merkez,40.6339677,35.8163852,40.7808399,35.6418268,21.982044359366096
Amasya,Merzifon,40.8721392,35.4635383,40.7808399,35.6418268,18.11356615903531
Amasya,Suluova,40.8364128,35.6455569,40.7808399,35.6418268,6.187393945554746
Ankara,Akyurt,40.1307529,33.0870676,39.91917612941177,32.753945841176474,36.85180629782179
Ankara,Altındağ,39.9523587,32.8662025,39.91917612941177,32.753945841176474,10.257627226216798
Ankara,Beypazarı,40.1656491,31.9204553,39.91917612941177,32.753945841176474,76.06155567094594
Ankara,Etimesgut,39.9492467,32.6630925,39.91917612941177,32.753945841176474,8.437203929393393
Ankara,Gölbaşı,39.7925289,32.8066652,39.91917612941177,32.753945841176474,14.784066954308297
Ankara,Haymana,39.4341352,32.4987922,39.91917612941177,32.753945841176474,58.18689948120349
Ankara,Kahramankazan,40.2054445,32.6813148,39.91917612941177,32.753945841176474,32.42615716456561
Ankara,Keçiören,39.977713,32.8669801,39.91917612941177,32.753945841176474,11.628024824827916
Ankara,Kızılcahamam,40.4700945,32.6528555,39.91917612941177,32.753945841176474,61.85812890199384
Ankara,Mamak,39.931033,32.9122759,39.91917612941177,32.753945841176474,13.565594283743822
Ankara,Polatlı,39.58567,32.1417303,39.91917612941177,32.753945841176474,64.14352916256072
Ankara,Pursaklar,40.0381052,32.896908,39.91917612941177,32.753945841176474,17.979647654710803
Ankara,Sincan,39.963995,32.5856329,39.91917612941177,32.753945841176474,15.189994616734854
Ankara,Yenimahalle,39.9661061,32.8087786,39.91917612941177,32.753945841176474,7.005941535763626
Ankara,Çankaya,39.8853321,32.8554966,39.91917612941177,32.753945841176474,9.444629181749436
Ankara,Çubuk,40.2388964,33.028947,39.91917612941177,32.753945841176474,42.55975347780057
Ankara,Şereflikoçhisar,38.9389329,33.5438843,39.91917612941177,32.753945841176474,128.38749624293945
Antalya,Aksu,36.9475051,30.847705,36.696735682352944,30.69636230588235,30.9678403804785
Antalya,Alanya,36.8865728,30.7030242,36.696735682352944,30.69636230588235,21.117258320056873
Antalya,Demre,36.244569,29.9876151,36.696735682352944,30.69636230588235,80.89677903397812
Antalya,Döşemealtı,37.022956,30.6013333,36.696735682352944,30.69636230588235,37.246267600479676
Antalya,Elmalı,36.7383786,29.9183623,36.696735682352944,30.69636230588235,69.49971948818352
Antalya,Finike,36.3046148,30.1445334,36.696735682352944,30.69636230588235,65.83323430644485
Antalya,Gazipaşa,36.2682712,32.3175066,36.696735682352944,30.69636230588235,152.56555759265757
Antalya,Gündoğmuş,36.814338,31.9983333,36.696735682352944,30.69636230588235,116.7250665142669
Antalya,Kaş,36.1993752,29.6413365,36.696735682352944,30.69636230588235,109.37700121110389
Antalya,Kemer,36.6013823,30.5638561,36.696735682352944,30.69636230588235,15.879556341228614
Antalya,Kepez,36.9176296,30.7149914,36.696735682352944,30.69636230588235,24.61821380148466
Antalya,Konyaaltı,36.8726128,30.6503649,36.696735682352944,30.69636230588235,19.981039833055533
Antalya,Korkuteli,37.0666523,30.1970497,36.696735682352944,30.69636230588235,60.532085480373425
Antalya,Kumluca,36.3669046,30.2858418,36.696735682352944,30.69636230588235,51.86952895583267
Antalya,Manavgat,36.7870124,31.4406667,36.696735682352944,30.69636230588235,67.07630039050196
Antalya,Muratpaşa,36.8888637,30.7208911,36.696735682352944,30.69636230588235,21.475023709540476
Antalya,Serik,36.9168682,31.1047478,36.696735682352944,30.69636230588235,43.830050538814554
Ardahan,Ardahan Merkez,41.1102966,42.7035585,40.9516756,42.6556994,18.08893229123465
Ardahan,Göle,40.7930546,42.6078403,40.9516756,42.6556994,18.09107773709257
Artvin,Hopa,41.3887543,41.4181638,41.3887543,41.4181638,0.0
Aydın,Didim,37.3696865,27.2684841,37.787912311111114,27.79828818888889,65.8971962718297
Aydın,Efeler,37.8471749,27.8337255,37.787912311111114,27.79828818888889,7.287922841712467
Aydın,Germencik,37.8732323,27.5957528,37.787912311111114,27.79828818888889,20.159510769150327
Aydın,Karacasu,37.7306842,28.6062646,37.787912311111114,27.79828818888889,71.31315355461628
Aydın,Kuşadası,37.8632398,27.266873,37.787912311111114,27.79828818888889,47.42015761315451
Aydın,Nazilli,37.9140609,28.3270857,37.787912311111114,27.79828818888889,48.501298927620844
Aydın,Sultanhisar,37.8873183,28.1557307,37.787912311111114,27.79828818888889,33.27863048764477
Aydın,Söke,37.7519762,27.4056294,37.787912311111114,27.79828818888889,34.744039769440356
Aydın,İncirliova,37.8538377,27.7250479,37.787912311111114,27.79828818888889,9.753092164096135
Ağrı,Ağrı Merkez,39.719125,43.0504894,39.633730799999995,43.56492435,45.03889646598185
Ağrı,Doğubayazıt,39.5483366,44.0793593,39.633730799999995,43.56492435,45.09205817484
Balıkesir,Altıeylül,39.6446327,27.8834414,39.76529968,27.564028920000002,30.441348800532985
Balıkesir,Ayvalık,39.3180962,26.6916708,39.76529968,27.564028920000002,89.82352552437847
Balıkesir,Bandırma,40.3554705,27.9697603,39.76529968,27.564028920000002,74.15373308404837
Balıkesir,Bigadiç,39.3913047,28.1319584,39.76529968,27.564028920000002,64.01977812452674
Balıkesir,Burhaniye,39.5030179,26.9807391,39.76529968,27.564028920000002,57.84063359165814
Balıkesir,Edremit,39.5938352,27.0156844,39.76529968,27.564028920000002,50.65179208348557
Balıkesir,Erdek,40.3974352,27.7909871,39.76529968,27.564028920000002,72.89415656244648
Balıkesir,Gömeç,39.3901489,26.8411555,39.76529968,27.564028920000002,74.68817339637712
Balıkesir,Gönen,40.1044116,27.6563981,39.76529968,27.564028920000002,38.521174428247534
Balıkesir,Havran,39.5576221,27.1002544,39.76529968,27.564028920000002,45.92735614940559
Balıkesir,Karesi,39.6464168,27.8853411,39.76529968,27.564028920000002,30.500486078302316
Balıkesir,Kepsut,39.6898687,28.1528838,39.76529968,27.564028920000002,51.0519761297472
Balıkesir,Marmara,40.5861532,27.5567792,39.76529968,27.564028920000002,91.27682505525894
Balıkesir,Savaştepe,39.382701,27.6501908,39.76529968,27.564028920000002,43.179223660053935
Balıkesir,Susurluk,39.9183805,28.1531894,39.76529968,27.564028920000002,53.102803876844575
Bartın,Amasra,41.7489175,32.3866959,41.69198179999999,32.3616582,6.663277505941356
Bartın,Bartın Merkez,41.6350461,32.3366205,41.69198179999999,32.3616582,6.663851599142259
Batman,Batman Merkez,37.8835738,41.1277565,37.8835738,41.1277565,0.0
Bayburt,Bayburt Merkez,40.2551608,40.2205036,40.2551608,40.2205036,0.0
Bilecik,Bilecik Merkez,40.1435101,29.9752911,40.10690795,30.055358175000002,7.931472194473889
Bilecik,Bozüyük,39.9042599,30.0372781,40.10690795,30.055358175000002,22.585993473686425
Bilecik,Osmaneli,40.36431,30.0274362,40.10690795,30.055358175000002,28.71977105674844
Bilecik,Söğüt,40.0155518,30.1814273,40.10690795,30.055358175000002,14.775062367929038
Bitlis,Bitlis Merkez,38.4020539,42.1084568,38.447625,42.198133999999996,9.311556576472032
Bitlis,Tatvan,38.4931961,42.2878112,38.447625,42.198133999999996,9.307419581535182
Bolu,Bolu Merkez,40.7332953,31.6110479,40.5994956,31.41113955,22.486443424483365
Bolu,Mudurnu,40.4656959,31.2112312,40.5994956,31.41113955,22.511784504292116
Burdur,Bucak,37.4567447,30.5855392,37.44552436666667,30.1880902,35.10678843416423
Burdur,Burdur Merkez,37.7248394,30.2887286,37.44552436666667,30.1880902,32.299593455993836
Burdur,Çavdır,37.154989,29.6900028,37.44552436666667,30.1880902,54.63225496160566
Bursa,Gemlik,40.4301652,29.1570698,40.231989414285714,29.112539778571428,22.357085993899908
Bursa,Gürsu,40.2175842,29.1935635,40.231989414285714,29.112539778571428,7.062879489981236
Bursa,Karacabey,40.2159844,28.3590588,40.231989414285714,29.112539778571428,63.99523513080392
Bursa,Kestel,40.2007544,29.2128704,40.231989414285714,29.112539778571428,9.199841257463047
Bursa,Mudanya,40.3752582,28.8837929,40.231989414285714,29.112539778571428,25.101058766093832
Bursa,Mustafakemalpaşa,40.0350481,28.4132707,40.231989414285714,29.112539778571428,63.35228085399085
Bursa,Nilüfer,40.2169975,28.9847907,40.231989414285714,29.112539778571428,10.973203258102794
Bursa,Orhaneli,39.9026561,28.9866861,40.231989414285714,29.112539778571428,38.154090838868385
Bursa,Orhangazi,40.4955352,29.3108324,40.231989414285714,29.112539778571428,33.77911418092752
Bursa,Osmangazi,40.1982203,29.0612098,40.231989414285714,29.112539778571428,5.752926890671925
Bursa,Yenişehir,40.2626316,29.6521948,40.231989414285714,29.112539778571428,45.92752496479304
Bursa,Yıldırım,40.1866362,29.128191,40.231989414285714,29.112539778571428,5.21524479826366
Bursa,İnegöl,40.0800359,29.5096528,40.231989414285714,29.112539778571428,37.74210256732661
Bursa,İznik,40.4303445,29.7223732,40.231989414285714,29.112539778571428,56.20155093491858
Denizli,Acıpayam,37.4273777,29.3505097,37.81324562,29.274022600000002,43.43216898096486
Denizli,Buldan,38.0442443,28.8326718,37.81324562,29.274022600000002,46.45659510795881
Denizli,Honaz,37.752386,29.2696961,37.81324562,29.274022600000002,6.777953902970043
Denizli,Merkezefendi,37.7843869,29.0841721,37.81324562,29.274022600000002,16.986616565603473
Denizli,Pamukkale,37.9200382,29.1217529,37.81324562,29.274022600000002,17.879442908750686
Denizli,Sarayköy,37.9244344,28.9230836,37.81324562,29.274022600000002,33.193614544842774
Denizli,Çal,38.0813509,29.397294,37.81324562,29.274022600000002,31.711025335092373
Denizli,Çameli,37.0761111,29.3447222,37.81324562,29.274022600000002,82.20290569377104
Denizli,Çardak,37.821539,29.6789423,37.81324562,29.274022600000002,35.580288607270475
Denizli,Çivril,38.3005877,29.7373813,37.81324562,29.274022600000002,67.69331845648757
Diyarbakır,Bağlar,37.9173215,40.2082907,37.923055825,40.214854625,0.8591192906248026
Diyarbakır,Kayapınar,37.9437832,40.1845788,37.923055825,40.214854625,3.5160214957708114
Diyarbakır,Sur,37.9110723,40.2366499,37.923055825,40.214854625,2.3304541005407846
Diyarbakır,Yenişehir,37.9200463,40.2298991,37.923055825,40.214854625,1.361417337831507
Düzce,Akçakoca,41.0882278,31.1239833,40.9121616,31.043133625,20.720026419892037
Düzce,Cumayeri,40.8746889,30.9504143,40.9121616,31.043133625,8.837511329089038
Düzce,Düzce Merkez,40.8391531,31.1595361,40.9121616,31.043133625,12.715654018930673
Düzce,Gümüşova,40.8465766,30.9386008,40.9121616,31.043133625,11.420157633305694
Edirne,Edirne Merkez,41.6759327,26.5587225,41.1704759,26.527961316666666,56.26272192767629
Edirne,Enez,40.725028,26.0845671,41.1704759,26.527961316666666,61.968512945894375
Edirne,Havsa,41.5493038,26.8205643,41.1704759,26.527961316666666,48.6905501458567
Edirne,Keşan,40.8548793,26.6303057,41.1704759,26.527961316666666,36.12807369434159
Edirne,Uzunköprü,41.2960052,26.6896238,41.1704759,26.527961316666666,19.43150823561399
Edirne,İpsala,40.9217064,26.3839845,41.1704759,26.527961316666666,30.18216838061995
Elazığ,Elazığ Merkez,38.6747164,39.2227135,38.696820900000006,39.544313,28.02191530622018
Elazığ,Kovancılar,38.7189254,39.8659125,38.696820900000006,39.544313,28.013323197489616
Erzincan,Erzincan Merkez,39.7467552,39.49103,39.7467552,39.49103,0.0
Erzurum,Aziziye,39.9454672,41.1060051,40.063788020000004,41.44546848,31.766231286654666
Erzurum,Oltu,40.5459405,41.9959769,40.063788020000004,41.44546848,71.08828994927626
Erzurum,Palandöken,39.9318929,41.1714826,40.063788020000004,41.44546848,27.56443029494588
Erzurum,Pasinler,39.9773129,41.674491,40.063788020000004,41.44546848,21.743961904519352
Erzurum,Yakutiye,39.9183266,41.2793868,40.063788020000004,41.44546848,21.4896025432322
Eskişehir,Odunpazarı,39.7655536,30.5237649,39.6658588,30.8582055,30.678833396853157
Eskişehir,Sivrihisar,39.4510335,31.5367967,39.6658588,30.8582055,62.88777373873711
Eskişehir,Tepebaşı,39.7809893,30.5140549,39.6658588,30.8582055,32.09676914089719
Gaziantep,Nizip,37.0012502,37.7889478,37.024176825,37.51796855,24.194749234148677
Gaziantep,Oğuzeli,36.9651081,37.5085487,37.024176825,37.51796855,6.6212056790923395
Gaziantep,Şahinbey,37.0575903,37.3794008,37.024176825,37.51796855,12.847732626296347
Gaziantep,Şehitkamil,37.0727587,37.3949769,37.024176825,37.51796855,12.178835121616826
Giresun,Bulancak,40.9389231,38.2318776,40.935417725,38.5467707,26.45382182617906
Giresun,Dereli,40.7390401,38.4491316,40.935417725,38.5467707,23.330024703940126
Giresun,Espiye,40.9483226,38.7117215,40.935417725,38.5467707,13.928961396181325
Giresun,Eynesil,41.0646879,39.1434047,40.935417725,38.5467707,52.091746040365614
Giresun,Giresun Merkez,40.9174453,38.3847864,40.935417725,38.5467707,13.754813652610007
Giresun,Keşap,40.9151484,38.5138559,40.935417725,38.5467707,3.5674779128576923
Giresun,Piraziz,40.9525735,38.124757,40.935417725,38.5467707,35.49667437812042
Giresun,Tirebolu,41.0072009,38.8146309,40.935417725,38.5467707,23.86308036796562
Gümüşhane,Gümüşhane Merkez,40.4617844,39.4757339,40.3258051,39.3004831,21.187009496054703
Gümüşhane,Şiran,40.1898258,39.1252323,40.3258051,39.3004831,21.207985320475046
Hakkari,Hakkari Merkez,37.5766959,43.7377862,37.5766959,43.7377862,0.0
Hatay,Antakya,36.2025574,36.1640991,36.455763483333335,36.149195983333335,28.18686608511625
Hatay,Arsuz,36.4196254,35.9905236,36.455763483333335,36.149195983333335,14.752135897208762
Hatay,Belen,36.4916742,36.1944459,36.455763483333335,36.149195983333335,5.6846371401268065
Hatay,Defne,36.1951853,36.1476639,36.455763483333335,36.149195983333335,28.97529705795181
Hatay,Dörtyol,36.835312,36.227408,36.455763483333335,36.149195983333335,42.77681450294477
Hatay,İskenderun,36.5902266,36.1710354,36.455763483333335,36.149195983333335,15.078438437656079
Isparta,Eğirdir,37.8741257,30.8490411,37.97936153333333,30.859481233333337,11.73746501690267
Isparta,Isparta Merkez,37.7636722,30.5550569,37.97936153333333,30.859481233333337,35.90584214344759
Isparta,Yalvaç,38.3002867,31.1743457,37.97936153333333,30.859481233333337,45.07434064633398
Iğdır,Iğdır Merkez,39.9218784,44.0467957,39.9218784,44.0467957,0.0
Kahramanmaraş,Afşin,38.2438548,36.9152873,37.69345026,36.8830959,61.26721260220651
Kahramanmaraş,Andırın,37.5750172,36.355248,37.69345026,36.8830959,48.31071693377773
Kahramanmaraş,Dulkadiroğlu,37.5797742,36.93124,37.69345026,36.8830959,13.332166561426174
Kahramanmaraş,Onikişubat,37.5777575,36.923735,37.69345026,36.8830959,13.352898936486408
Kahramanmaraş,Pazarcık,37.4908476,37.2899692,37.69345026,36.8830959,42.33975795243739
Karabük,Karabük Merkez,41.1955402,32.6231154,41.21395736666667,32.547999366666666,6.609376649131346
Karabük,Safranbolu,41.2456658,32.6929575,41.21395736666667,32.547999366666666,12.624692085426066
Karabük,Yenice,41.2006661,32.3279252,41.21395736666667,32.547999366666666,18.469607408861723
Karaman,Karaman Merkez,37.1808502,33.2194554,37.1808502,33.2194554,0.0
Kars,Kars Merkez,40.6070761,43.0947521,40.47148305,42.835847900000005,26.570399047991653
Kars,Sarıkamış,40.33589,42.5769437,40.47148305,42.835847900000005,26.606823131963207
Kastamonu,Araç,41.2412014,33.324933,41.42405736,33.8226573,46.26478467343198
Kastamonu,Kastamonu Merkez,41.3765359,33.7770087,41.42405736,33.8226573,6.512985869490397
Kastamonu,Taşköprü,41.5074775,34.2128338,41.42405736,33.8226573,33.80845170146107
Kastamonu,Tosya,41.0164957,34.0386079,41.42405736,33.8226573,48.785430915413755
Kastamonu,İnebolu,41.9785763,33.7599031,41.42405736,33.8226573,61.879399028183045
Kayseri,Develi,38.3879285,35.4900997,38.58046968,35.4249144,22.14865742595759
Kayseri,Kocasinan,38.7362583,35.4949806,38.58046968,35.4249144,18.360187653455256
Kayseri,Melikgazi,38.7199062,35.5056623,38.58046968,35.4249144,17.016584771066665
Kayseri,Talas,38.6929489,35.5494551,38.58046968,35.4249144,16.536004256373353
Kayseri,Yeşilhisar,38.3653065,35.0843743,38.58046968,35.4249144,38.09552242926145
Kilis,Kilis Merkez,36.7165552,37.1146069,36.7165552,37.1146069,0.0
Kocaeli,Başiskele,40.7129276,29.9286975,40.78378855,29.732574533333334,18.304029843215538
Kocaeli,Darıca,40.7914044,29.3919092,40.78378855,29.732574533333334,28.69300618878125
Kocaeli,Derince,40.7574495,29.8307628,40.78378855,29.732574533333334,8.771927706428018
Kocaeli,Dilovası,40.7756061,29.5260959,40.78378855,29.732574533333334,17.409236919533416
Kocaeli,Gebze,40.8006696,29.431767,40.78378855,29.732574533333334,25.392602163133382
Kocaeli,Gölcük,40.7169247,29.819588,40.78378855,29.732574533333334,10.440460790878246
Kocaeli,Kandıra,41.0703914,30.1523298,40.78378855,29.732574533333334,47.5311574972645
Kocaeli,Karamürsel,40.6912501,29.6165859,40.78378855,29.732574533333334,14.190844834077335
Kocaeli,Kartepe,40.7454357,30.0112827,40.78378855,29.732574533333334,23.856744810164198
Kocaeli,Körfez,40.760756,29.7839402,40.78378855,29.732574533333334,5.026812858458147
Kocaeli,Çayırova,40.8105337,29.3473731,40.78378855,29.732574533333334,32.56140173852927
Kocaeli,İzmit,40.7721138,29.9505623,40.78378855,29.732574533333334,18.400843129467457
Konya,Akşehir,38.3588503,31.4201959,37.857889199999995,32.46911125454545,107.35454698925076
Konya,Beyşehir,37.6802288,31.7228355,37.857889199999995,32.46911125454545,68.50606762890547
Konya,Bozkır,37.1898741,32.2472016,37.857889199999995,32.46911125454545,76.81452539229241
Konya,Cihanbeyli,38.6589897,32.9237305,37.857889199999995,32.46911125454545,97.52179355605722
Konya,Ereğli,37.5140718,34.0473423,37.857889199999995,32.46911125454545,144.04296093803836
Konya,Ilgın,38.281774,31.9178668,37.857889199999995,32.46911125454545,67.45487432246769
Konya,Karapınar,37.7177584,33.5476273,37.857889199999995,32.46911125454545,96.04712850806474
Konya,Karatay,37.8710438,32.5030448,37.857889199999995,32.46911125454545,3.318590898903849
Konya,Meram,37.8679527,32.4946514,37.857889199999995,32.46911125454545,2.505810663940079
Konya,Selçuklu,37.8768663,32.4873945,37.857889199999995,32.46911125454545,2.6511390256162493
Konya,Seydişehir,37.4193713,31.8483332,37.857889199999995,32.46911125454545,73.24912171179687
Kütahya,Kütahya Merkez,39.4199106,29.9857886,39.4199106,29.9857886,0.0
Kırklareli,Babaeski,41.4302616,27.0917789,41.5539567,27.3907219,28.44538810129963
Kırklareli,Kırklareli Merkez,41.7370223,27.2235523,41.5539567,27.3907219,24.643717953327958
Kırklareli,Lüleburgaz,41.4041358,27.3554651,41.5539567,27.3907219,16.91625973831887
Kırklareli,Pınarhisar,41.6254954,27.5157753,41.5539567,27.3907219,13.093438732130986
Kırklareli,Vize,41.5728684,27.7670379,41.5539567,27.3907219,31.3794352320217
Kırıkkale,Delice,39.9455172,34.0312969,39.8934487,33.68741623333333,29.892391288866005
Kırıkkale,Kırıkkale Merkez,39.8850753,33.5785308,39.8934487,33.68741623333333,9.336454838009784
Kırıkkale,Yahşihan,39.8497536,33.452421,39.8934487,33.68741623333333,20.634707229259984
Kırşehir,Kaman,39.3588984,33.7243959,39.3695363,34.1002526,32.33331284374267
Kırşehir,Kırşehir Merkez,39.1461142,34.1605587,39.3695363,34.1002526,25.380198942409933
Kırşehir,Çiçekdağı,39.6035963,34.4158032,39.3695363,34.1002526,37.55894244962265
Malatya,Akçadağ,38.2908815,38.0444592,38.276207275,38.133962025,7.9806560373822535
Malatya,Battalgazi,38.4250492,38.3654977,38.276207275,38.133962025,26.106902206163504
Malatya,Doğanşehir,38.0934102,37.8784394,38.276207275,38.133962025,30.19793106388672
Malatya,Yeşilyurt,38.2954882,38.2474518,38.276207275,38.133962025,10.134769613474429
Manisa,Ahmetli,38.5203042,27.9385751,38.6590701,27.96486049090909,15.598271520348238
Manisa,Akhisar,38.9240528,27.8401895,38.6590701,27.96486049090909,31.383424949574458
Manisa,Alaşehir,38.3507471,28.516575,38.6590701,27.96486049090909,58.99271301373193
Manisa,Demirci,39.0474167,28.6583675,38.6590701,27.96486049090909,73.96648296528397
Manisa,Salihli,38.4830061,28.1309024,38.6590701,27.96486049090909,24.32376543528647
Manisa,Saruhanlı,38.7327408,27.577392,38.6590701,27.96486049090909,34.609804021621684
Manisa,Sarıgöl,38.2382254,28.6965768,38.6590701,27.96486049090909,79.05767704910596
Manisa,Soma,39.1987193,27.6241754,38.6590701,27.96486049090909,66.8520541765918
Manisa,Turgutlu,38.5000458,27.7084176,38.6590701,27.96486049090909,28.45326413864749
Manisa,Yunusemre,38.6086543,27.4194561,38.6590701,27.96486049090909,47.70434298220551
Manisa,Şehzadeler,38.6458586,27.502838,38.6590701,27.96486049090909,40.14774587941985
Mardin,Artuklu,37.3209802,40.7251295,37.248661125,40.9749651,23.520443377707185
Mardin,Kızıltepe,37.1916551,40.5847974,37.248661125,40.9749651,35.12462741543237
Mardin,Midyat,37.4152689,41.3733131,37.248661125,40.9749651,39.79510657505072
Mardin,Nusaybin,37.0667403,41.2166204,37.248661125,40.9749651,29.45875189615379
Mersin,Akdeniz,36.802059,34.6332105,36.61318581818182,34.11784095454545,50.51500152998434
Mersin,Anamur,36.080323,32.8312106,36.61318581818182,34.11784095454545,129.57166451104442
Mersin,Bozyazı,36.1048224,32.9742864,36.61318581818182,34.11784095454545,116.96692800021717
Mersin,Erdemli,36.6057089,34.3102872,36.61318581818182,34.11784095454545,17.197529516312795
Mersin,Gülnar,36.3386638,33.3990129,36.61318581818182,34.11784095454545,71.15257586977857
Mersin,Mezitli,36.7495289,34.5307018,36.61318581818182,34.11784095454545,39.81612034382389
Mersin,Silifke,36.3778166,33.9260372,36.61318581818182,34.11784095454545,31.287822038118943
Mersin,Tarsus,36.9164834,34.895149,36.61318581818182,34.11784095454545,77.01731040655568
Mersin,Toroslar,36.8208212,34.6104636,36.61318581818182,34.11784095454545,49.60916177314871
Mersin,Yenişehir,36.7822772,34.5924486,36.61318581818182,34.11784095454545,46.303318154274194
Mersin,Çamlıyayla,37.1665396,34.5934427,36.61318581818182,34.11784095454545,74.66534414325375
Muğla,Bodrum,37.0343987,27.430651,36.94389066666667,28.393665858333335,86.12165451081908
Muğla,Dalaman,36.7672142,28.8002737,36.94389066666667,28.393665858333335,41.166921410866784
Muğla,Datça,36.7263403,27.6873855,36.94389066666667,28.393665858333335,67.35042654661012
Muğla,Fethiye,36.6221154,29.1153384,36.94389066666667,28.393665858333335,73.55798828064017
Muğla,Köyceğiz,36.958501,28.6889436,36.94389066666667,28.393665858333335,26.288965602946888
Muğla,Marmaris,36.8522547,28.2742661,36.94389066666667,28.393665858333335,14.71577638641407
Muğla,Menteşe,37.1179357,28.2636824,36.94389066666667,28.393665858333335,22.531527103240784
Muğla,Milas,37.3162709,27.7799762,36.94389066666667,28.393665858333335,68.3693776604582
Muğla,Ortaca,36.8389038,28.7654166,36.94389066666667,28.393665858333335,35.06069460068399
Muğla,Seydikemer,36.6481603,29.3621795,36.94389066666667,28.393665858333335,92.29448665068085
Muğla,Ula,37.1029233,28.416366,36.94389066666667,28.393665858333335,17.79808142990828
Muğla,Yatağan,37.3416697,28.1395113,36.94389066666667,28.393665858333335,49.63735137867948
Nevşehir,Avanos,38.7187371,34.8468663,38.669643300000004,34.7743474,8.331329837074616
Nevşehir,Gülşehir,38.7426297,34.6192575,38.669643300000004,34.7743474,15.715276182533612
Nevşehir,Nevşehir Merkez,38.5871556,34.7196633,38.669643300000004,34.7743474,10.329286551172515
Nevşehir,Ürgüp,38.6300508,34.9116025,38.669643300000004,34.7743474,12.706388854960585
Niğde,Bor,37.8876069,34.5625033,37.92872795,34.619476399999996,6.774303697682233
Niğde,Niğde Merkez,37.969849,34.6764495,37.92872795,34.619476399999996,6.772241852952537
Ordu,Altınordu,40.9786588,37.8964303,41.033795839999996,37.7028442,17.362663477386256
Ordu,Fatsa,41.0308808,37.500221,41.033795839999996,37.7028442,16.99885521281002
Ordu,Gülyalı,40.9662509,38.0585763,41.033795839999996,37.7028442,30.78325802630286
Ordu,Perşembe,41.0669482,37.7736318,41.033795839999996,37.7028442,6.987473483250451
Ordu,Ünye,41.1262405,37.2853616,41.033795839999996,37.7028442,36.47106895928584
Osmaniye,Bahçe,37.1870677,36.5589133,37.218626975,36.3401349,19.691696312906085
Osmaniye,Düziçi,37.2401223,36.4534072,37.218626975,36.3401349,10.309527618072458
Osmaniye,Kadirli,37.3739591,36.0974518,37.218626975,36.3401349,27.5528325398791
Osmaniye,Osmaniye Merkez,37.0733588,36.2507673,37.218626975,36.3401349,17.99065222149911
Rize,Ardeşen,41.191875,40.9894178,41.122196683333335,40.812480799999996,16.716976064278892
Rize,Fındıklı,41.271235,41.1414159,41.122196683333335,40.812480799999996,32.125999868960356
Rize,Güneysu,40.977154,40.6135914,41.122196683333335,40.812480799999996,23.200734480264668
Rize,Pazar,41.1802584,40.8868482,41.122196683333335,40.812480799999996,8.969513459307752
Rize,Rize Merkez,41.0248249,40.5199142,41.122196683333335,40.812480799999996,26.808424335641675
Rize,Çayeli,41.0878328,40.7236973,41.122196683333335,40.812480799999996,8.362817133118899
Sakarya,Adapazarı,40.7755214,30.4020295,40.78339059230769,30.471851246153847,5.9437555131410305
Sakarya,Akyazı,40.6814188,30.6246106,40.78339059230769,30.471851246153847,17.15346230828405
Sakarya,Arifiye,40.713143,30.3558365,40.78339059230769,30.471851246153847,12.511058955286678
Sakarya,Erenler,40.7563625,30.4108937,40.78339059230769,30.471851246153847,5.948430331391896
Sakarya,Ferizli,40.9401753,30.4846176,40.78339059230769,30.471851246153847,17.46668959609657
Sakarya,Geyve,40.5090547,30.2902514,40.78339059230769,30.471851246153847,34.13623354497497
Sakarya,Hendek,40.7955034,30.7452727,40.78339059230769,30.471851246153847,23.05800048635637
Sakarya,Karasu,41.0956091,30.6924623,40.78339059230769,30.471851246153847,39.3530115938883
Sakarya,Kocaali,41.0542812,30.8507446,40.78339059230769,30.471851246153847,43.82722121032764
Sakarya,Pamukova,40.5056226,30.1693049,40.78339059230769,30.471851246153847,40.06926901691042
Sakarya,Sapanca,40.6930585,30.273417,40.78339059230769,30.471851246153847,19.503863820579983
Sakarya,Serdivan,40.7604062,30.3629614,40.78339059230769,30.471851246153847,9.519082106347978
Sakarya,Söğütlü,40.903921,30.471664,40.78339059230769,30.471851246153847,13.40237909724183
Samsun,19 Mayıs,41.4936554,36.0810492,41.27753751666666,36.167956133333334,25.101136662186818
Samsun,Atakum,41.3322588,36.2704652,41.27753751666666,36.167956133333334,10.504407192977704
Samsun,Bafra,41.5665954,35.9024777,41.27753751666666,36.167956133333334,39.02661310107553
Samsun,Canik,41.2671277,36.3556266,41.27753751666666,36.167956133333334,15.726684408778414
Samsun,Kavak,41.0685369,36.026884,41.27753751666666,36.167956133333334,26.067375725337044
Samsun,Ladik,40.9149056,35.8952418,41.27753751666666,36.167956133333334,46.348363328492226
Samsun,Tekkeköy,41.2134984,36.4578038,41.27753751666666,36.167956133333334,25.25769208887829
Samsun,Terme,41.2090393,36.9721685,41.27753751666666,36.167956133333334,67.66944732712759
Samsun,Vezirköprü,41.1433899,35.4604721,41.27753751666666,36.167956133333334,61.03266582098969
Samsun,Yakakent,41.6329513,35.5315896,41.27753751666666,36.167956133333334,66.13872628242545
Samsun,Çarşamba,41.1982911,36.7270196,41.27753751666666,36.167956133333334,47.56995676294458
Samsun,İlkadım,41.2902004,36.3346755,41.27753751666666,36.167956133333334,14.001616590766323
Siirt,Siirt Merkez,37.9273623,41.94218,37.9273623,41.94218,0.0
Sinop,Boyabat,41.4689736,34.7672274,41.766274366666664,35.03933166666667,40.05618904235619
Sinop,Gerze,41.8032697,35.1996164,41.766274366666664,35.03933166666667,13.911777300916992
Sinop,Sinop Merkez,42.0265798,35.1511512,41.766274366666664,35.03933166666667,30.38830339587337
Sivas,Divriği,39.3711727,38.1155364,39.7945232,37.749955925,56.5467415071258
Sivas,Sivas Merkez,39.7469847,37.0396479,39.7945232,37.749955925,60.9364084550473
Sivas,Suşehri,40.1627343,38.0855664,39.7945232,37.749955925,49.940830938576646
Sivas,Zara,39.8972011,37.759073,39.7945232,37.749955925,11.443761705051676
Tekirdağ,Ergene,41.3557627,27.2025736,41.11965462,27.58788581,41.5607515086066
Tekirdağ,Kapaklı,41.3268579,27.9761514,41.11965462,27.58788581,39.8158610531734
Tekirdağ,Malkara,40.8930819,26.9023798,41.11965462,27.58788581,62.797103469639445
Tekirdağ,Marmaraereğlisi,40.9693702,27.9550008,41.11965462,27.58788581,35.03021033804669
Tekirdağ,Muratlı,41.171412,27.5017377,41.11965462,27.58788581,9.228064148724027
Tekirdağ,Saray,41.4426795,27.9213992,41.11965462,27.58788581,45.46218329148318
Tekirdağ,Süleymanpaşa,40.9771735,27.5038548,41.11965462,27.58788581,17.33960859223433
Tekirdağ,Çerkezköy,41.2862482,27.999468,41.11965462,27.58788581,39.099910311268935
Tekirdağ,Çorlu,41.1590875,27.8041066,41.11965462,27.58788581,18.630134166613114
Tekirdağ,Şarköy,40.6148728,27.1121862,41.11965462,27.58788581,68.92403235714362
Tokat,Almus,40.3750133,36.9037319,40.438923816666666,36.496723466666666,35.1866545060726
Tokat,Erbaa,40.6727976,36.5715055,40.438923816666666,36.496723466666666,26.761997206630618
Tokat,Niksar,40.5913282,36.9434927,40.438923816666666,36.496723466666666,41.39504007772107
Tokat,Tokat Merkez,40.3233534,36.552162,40.438923816666666,36.496723466666666,13.681913453795687
Tokat,Turhal,40.3895887,36.078043,40.438923816666666,36.496723466666666,35.86797541739593
Tokat,Zile,40.2814617,35.9314057,40.438923816666666,36.496723466666666,50.9986424715051
Trabzon,Akçaabat,41.0216276,39.5706735,40.96976881818182,39.78562119090909,18.93877703210889
Trabzon,Araklı,40.9358214,40.0580406,40.96976881818182,39.78562119090909,23.18708229406432
Trabzon,Arsin,40.9537303,39.9325905,40.96976881818182,39.78562119090909,12.468995763811074
Trabzon,Beşikdüzü,41.0527305,39.2280377,40.96976881818182,39.78562119090909,47.685069541095665
Trabzon,Of,40.947642,40.2694068,40.96976881818182,39.78562119090909,40.69903882554999
Trabzon,Ortahisar,41.0062151,39.7257588,40.96976881818182,39.78562119090909,6.455238129021828
Trabzon,Sürmene,40.9127715,40.1134808,40.96976881818182,39.78562119090909,28.258316109545966
Trabzon,Vakfıkebir,41.047236,39.2761909,40.96976881818182,39.78562119090909,43.60502947420291
Trabzon,Yomra,40.9592464,39.8471246,40.96976881818182,39.78562119090909,5.2950259954637575
Trabzon,Çarşıbaşı,41.0825808,39.3784858,40.96976881818182,39.78562119090909,36.383942715852356
Trabzon,Çaykara,40.7478554,40.2420431,40.96976881818182,39.78562119090909,45.63191028371016
Uşak,Uşak Merkez,38.6740401,29.4058419,38.6740401,29.4058419,0.0
Van,Edremit,38.4258091,43.260234,38.480645900000006,43.343675399999995,9.485488525867641
Van,Tuşba,38.5123112,43.3752824,38.480645900000006,43.343675399999995,4.468065571321306
Van,İpekyolu,38.5038174,43.3955098,38.480645900000006,43.343675399999995,5.195166398944135
Yalova,Altınova,40.6963485,29.5099438,40.63138741666666,29.2040765,26.790934664391433
Yalova,Armutlu,40.5196199,28.8280114,40.63138741666666,29.2040765,34.10658694508593
Yalova,Termal,40.60618,29.1742892,40.63138741666666,29.2040765,3.765288860820551
Yalova,Yalova Merkez,40.6582529,29.2699916,40.63138741666666,29.2040765,6.312838145111928
Yalova,Çiftlikköy,40.6645227,29.3229213,40.63138741666666,29.2040765,10.682063789852284
Yalova,Çınarcık,40.6434005,29.1193017,40.63138741666666,29.2040765,7.2769397697374085
Yozgat,Sorgun,39.8098675,35.1854305,39.68799155,34.796171099999995,35.93233595398819
Yozgat,Yerköy,39.6871011,34.4657364,39.68799155,34.796171099999995,28.275046073735847
Yozgat,Yozgat Merkez,39.7564536,34.7838272,39.68799155,34.796171099999995,7.685487828639236
Yozgat,Şefaatli,39.498544,34.7496903,39.68799155,34.796171099999995,21.438793558408637
Zonguldak,Alaplı,41.180375,31.3861776,41.33700842857143,31.753821357142858,35.32351181849434
Zonguldak,Devrek,41.2188823,31.9558348,41.33700842857143,31.753821357142858,21.389370906209557
Zonguldak,Ereğli,41.2795516,31.4229672,41.33700842857143,31.753821357142858,28.363865375795566
Zonguldak,Gökçebey,41.3067487,32.1384667,41.33700842857143,31.753821357142858,32.296965155481196
Zonguldak,Kilimli,41.486951,31.8384205,41.33700842857143,31.753821357142858,18.10405557514657
Zonguldak,Kozlu,41.4338739,31.7472847,41.33700842857143,31.753821357142858,10.784745354901323
Zonguldak,Zonguldak Merkez,41.4526765,31.787598,41.33700842857143,31.753821357142858,13.166685422305102
Çanakkale,Ayvacık,39.601185,26.4031312,40.10452226666666,26.55874228888889,57.52327177526997
Çanakkale,Biga,40.2269793,27.2428365,40.10452226666666,26.55874228888889,59.70296962082803
Çanakkale,Eceabat,40.1852143,26.3590969,40.10452226666666,26.55874228888889,19.195764890902836
Çanakkale,Ezine,39.8019438,26.3042498,40.10452226666666,26.55874228888889,40.0320239587151
Çanakkale,Gelibolu,40.4054063,26.6722539,40.10452226666666,26.55874228888889,34.815875150432625
Çanakkale,Gökçeada,40.2003874,25.9084625,40.10452226666666,26.55874228888889,56.28560588571183
Çanakkale,Lapseki,40.3443674,26.6845975,40.10452226666666,26.55874228888889,28.730392942223503
Çanakkale,Çan,40.0289459,27.0511631,40.10452226666666,26.55874228888889,42.73781802133327
Çanakkale,Çanakkale Merkez,40.146271,26.4028892,40.10452226666666,26.55874228888889,14.040817004374828
Çankırı,Korgun,40.7348367,33.5184877,40.6660157,33.56987905,8.793762831197911
Çankırı,Çankırı Merkez,40.5971947,33.6212704,40.6660157,33.56987905,8.79596728115364
Çorum,Osmancık,40.9714839,34.8010408,40.76069725,34.877387600000006,24.301755046555446
Çorum,Çorum Merkez,40.5499106,34.9537344,40.76069725,34.877387600000006,24.307149950622374
İstanbul,Adalar,40.8741659,29.1293251,41.025017261538466,28.95026205897436,22.528158959727133
İstanbul,Arnavutköy,41.184471,28.7412446,41.025017261538466,28.95026205897436,24.92120842334296
İstanbul,Ataşehir,40.9929379,29.1135187,41.025017261538466,28.95026205897436,14.155416000063052
İstanbul,Avcılar,40.9799389,28.7216689,41.025017261538466,28.95026205897436,19.826853129056243
İstanbul,Bahçelievler,41.0030495,28.8657701,41.025017261538466,28.95026205897436,7.498089907260138
İstanbul,Bakırköy,40.9782585,28.8744461,41.025017261538466,28.95026205897436,8.216572064846414
İstanbul,Bayrampaşa,41.0345549,28.9118417,41.025017261538466,28.95026205897436,3.392788309418301
İstanbul,Bağcılar,41.034547,28.8567558,41.025017261538466,28.95026205897436,7.914743034338217
İstanbul,Başakşehir,41.1075794,28.7950711,41.025017261538466,28.95026205897436,15.92338886116828
İstanbul,Beykoz,41.1343001,29.0920378,41.025017261538466,28.95026205897436,16.99644224980369
İstanbul,Beylikdüzü,41.0038148,28.6372878,41.025017261538466,28.95026205897436,26.364624943983912
İstanbul,Beyoğlu,41.0284233,28.9736808,41.025017261538466,28.95026205897436,2.000675734786628
İstanbul,Beşiktaş,41.0428465,29.0075283,41.025017261538466,28.95026205897436,5.196353300375247
İstanbul,Büyükçekmece,41.021654,28.579757,41.025017261538466,28.95026205897436,31.083954351298523
İstanbul,Esenler,41.0376175,28.8824519,41.025017261538466,28.95026205897436,5.857935853046263
İstanbul,Esenyurt,41.0342862,28.6801113,41.025017261538466,28.95026205897436,22.684233160369747
İstanbul,Eyüpsultan,41.0478358,28.9327383,41.025017261538466,28.95026205897436,2.9322635377737125
İstanbul,Fatih,41.0192846,28.9479296,41.025017261538466,28.95026205897436,0.6667995862512791
İstanbul,Gaziosmanpaşa,41.0578305,28.9122452,41.025017261538466,28.95026205897436,4.845454170643361
İstanbul,Güngören,41.0252832,28.8726498,41.025017261538466,28.95026205897436,6.510792200246437
İstanbul,Kadıköy,40.9912955,29.0245631,41.025017261538466,28.95026205897436,7.275295852787747
İstanbul,Kartal,40.88858,29.1856536,41.025017261538466,28.95026205897436,24.917775476673228
İstanbul,Kağıthane,41.0796544,28.9731198,41.025017261538466,28.95026205897436,6.370547116090085
İstanbul,Küçükçekmece,40.9918737,28.7711956,41.025017261538466,28.95026205897436,15.470680884101924
İstanbul,Maltepe,40.9247539,29.1310782,41.025017261538466,28.95026205897436,18.834085070707225
İstanbul,Pendik,40.8768715,29.2349672,41.025017261538466,28.95026205897436,29.035451368656258
İstanbul,Sancaktepe,40.9905196,29.2288624,41.025017261538466,28.95026205897436,23.68996873594444
İstanbul,Sarıyer,41.1685803,29.0572623,41.025017261538466,28.95026205897436,18.30918282171349
İstanbul,Silivri,41.0742476,28.2481709,41.025017261538466,28.95026205897436,59.12879426066496
İstanbul,Sultanbeyli,40.9670242,29.2671314,41.025017261538466,28.95026205897436,27.363901462032185
İstanbul,Sultangazi,41.1043344,28.8614367,41.025017261538466,28.95026205897436,11.54307833290468
İstanbul,Tuzla,40.8161732,29.3034194,41.025017261538466,28.95026205897436,37.67941697573988
İstanbul,Zeytinburnu,40.9898653,28.9037467,41.025017261538466,28.95026205897436,5.52380785253835
İstanbul,Çatalca,41.1436804,28.4605154,41.025017261538466,28.95026205897436,43.1153993036856
İstanbul,Çekmeköy,41.0351579,29.1739149,41.025017261538466,28.95026205897436,18.794199413117855
İstanbul,Ümraniye,41.0256362,29.0963049,41.025017261538466,28.95026205897436,12.251378462724
İstanbul,Üsküdar,41.0265498,29.0151321,41.025017261538466,28.95026205897436,5.444423157989701
İstanbul,Şile,41.1744067,29.6125216,41.025017261538466,28.95026205897436,57.92531770793155
İstanbul,Şişli,41.0637891,28.9831642,41.025017261538466,28.95026205897436,5.118628600974524
İzmir,Aliağa,38.8034265,26.9713731,38.45807271428571,27.138704453571428,41.06029399875526
İzmir,Balçova,38.3953128,27.05787,38.45807271428571,27.138704453571428,9.91381937785877
İzmir,Bayraklı,38.4639144,27.1644029,38.45807271428571,27.138704453571428,2.32992074384668
İzmir,Bergama,39.1189476,27.1773642,38.45807271428571,27.138704453571428,73.56228385309241
İzmir,Bornova,38.4661896,27.2191942,38.45807271428571,27.138704453571428,7.065944260086007
İzmir,Buca,38.3834933,27.1686508,38.45807271428571,27.138704453571428,8.693533813463048
İzmir,Dikili,39.0749706,26.8892495,38.45807271428571,27.138704453571428,71.92451537018893
İzmir,Foça,38.668916,26.7547749,38.45807271428571,27.138704453571428,40.79131279223008
İzmir,Gaziemir,38.3262756,27.1399665,38.45807271428571,27.138704453571428,14.655583197789065
İzmir,Güzelbahçe,38.375516,26.8755527,38.45807271428571,27.138704453571428,24.695974578242318
İzmir,Karabağlar,38.3865299,27.134722,38.45807271428571,27.138704453571428,7.962759491719231
İzmir,Karaburun,38.6354423,26.5098027,38.45807271428571,27.138704453571428,58.140024380696794
İzmir,Karşıyaka,38.5034452,27.1134554,38.45807271428571,27.138704453571428,5.503118973563542
İzmir,Kemalpaşa,38.4694649,27.4002143,38.45807271428571,27.138704453571428,22.80377047222693
İzmir,Kiraz,38.230372,28.2015786,38.45807271428571,27.138704453571428,96.08828763420145
İzmir,Konak,38.4187168,27.1282675,38.45807271428571,27.138704453571428,4.469592125514512
İzmir,Kınık,39.0875983,27.3804752,38.45807271428571,27.138704453571428,73.07046458217201
İzmir,Menderes,38.2551566,27.1381399,38.45807271428571,27.138704453571428,22.563296141265784
İzmir,Menemen,38.6033618,27.0764308,38.45807271428571,27.138704453571428,17.039356713282707
İzmir,Narlıdere,38.3954414,27.0010982,38.45807271428571,27.138704453571428,13.863190711198527
İzmir,Seferihisar,38.1950292,26.8342193,38.45807271428571,27.138704453571428,39.509134987377394
İzmir,Selçuk,37.9479646,27.3685018,38.45807271428571,27.138704453571428,60.17062695026385
İzmir,Tire,38.089497,27.7318214,38.45807271428571,27.138704453571428,66.03318155516358
İzmir,Torbalı,38.1701193,27.347338,38.45807271428571,27.138704453571428,36.83126328179548
İzmir,Urla,38.3228184,26.7672998,38.45807271428571,27.138704453571428,35.69272712902017
İzmir,Çeşme,38.3244044,26.3029604,38.45807271428571,27.138704453571428,74.33858357967688
İzmir,Çiğli,38.4916582,27.0634346,38.45807271428571,27.138704453571428,7.541948705004834
İzmir,Ödemiş,38.2220533,27.965566,38.45807271428571,27.138704453571428,76.74130154037873
Şanlıurfa,Eyyübiye,37.1481361,38.7824659,37.30145202,39.09072656,32.18038239078557
Şanlıurfa,Haliliye,37.1674869,38.7955597,37.30145202,39.09072656,30.07866967009084
Şanlıurfa,Karaköprü,37.204652,38.7958511,37.30145202,39.09072656,28.23122086094976
Şanlıurfa,Siverek,37.7540905,39.3177426,37.30145202,39.09072656,54.16624415337148
Şanlıurfa,Viranşehir,37.2328946,39.7620135,37.30145202,39.09072656,59.89000901245193
